filepath,label,predicted_text
dataset/ai_female_nanami/a/001.wav,a,
dataset/ai_female_nanami/a/002.wav,a,
dataset/ai_female_nanami/ba/001.wav,ba,
dataset/ai_female_nanami/ba/002.wav,ba,
dataset/ai_female_nanami/be/001.wav,be,
dataset/ai_female_nanami/be/002.wav,be,
dataset/ai_female_nanami/bi/001.wav,bi,
dataset/ai_female_nanami/bi/002.wav,bi,
dataset/ai_female_nanami/bo/001.wav,bo,
dataset/ai_female_nanami/bo/002.wav,bo,
dataset/ai_female_nanami/bu/001.wav,bu,
dataset/ai_female_nanami/bu/002.wav,bu,
dataset/ai_female_nanami/bya/001.wav,bya,
dataset/ai_female_nanami/bya/002.wav,bya,
dataset/ai_female_nanami/byo/001.wav,byo,
dataset/ai_female_nanami/byo/002.wav,byo,
dataset/ai_female_nanami/byu/001.wav,byu,
dataset/ai_female_nanami/byu/002.wav,byu,
dataset/ai_female_nanami/cha/001.wav,cha,
dataset/ai_female_nanami/cha/002.wav,cha,
dataset/ai_female_nanami/chi/001.wav,chi,
dataset/ai_female_nanami/chi/002.wav,chi,
dataset/ai_female_nanami/cho/001.wav,cho,
dataset/ai_female_nanami/cho/002.wav,cho,
dataset/ai_female_nanami/chu/001.wav,chu,
dataset/ai_female_nanami/chu/002.wav,chu,
dataset/ai_female_nanami/da/001.wav,da,
dataset/ai_female_nanami/da/002.wav,da,
dataset/ai_female_nanami/de/001.wav,de,
dataset/ai_female_nanami/de/002.wav,de,
dataset/ai_female_nanami/di/001.wav,di,
dataset/ai_female_nanami/di/002.wav,di,
dataset/ai_female_nanami/do/001.wav,do,
dataset/ai_female_nanami/do/002.wav,do,
dataset/ai_female_nanami/du/001.wav,du,
dataset/ai_female_nanami/du/002.wav,du,
dataset/ai_female_nanami/e/001.wav,e,
dataset/ai_female_nanami/e/002.wav,e,
dataset/ai_female_nanami/fu/001.wav,fu,
dataset/ai_female_nanami/fu/002.wav,fu,
dataset/ai_female_nanami/ga/001.wav,ga,
dataset/ai_female_nanami/ga/002.wav,ga,
dataset/ai_female_nanami/ge/001.wav,ge,
dataset/ai_female_nanami/ge/002.wav,ge,
dataset/ai_female_nanami/gi/001.wav,gi,
dataset/ai_female_nanami/gi/002.wav,gi,
dataset/ai_female_nanami/go/001.wav,go,
dataset/ai_female_nanami/go/002.wav,go,
dataset/ai_female_nanami/gu/001.wav,gu,
dataset/ai_female_nanami/gu/002.wav,gu,
dataset/ai_female_nanami/gya/001.wav,gya,
dataset/ai_female_nanami/gya/002.wav,gya,
dataset/ai_female_nanami/gyo/001.wav,gyo,
dataset/ai_female_nanami/gyo/002.wav,gyo,
dataset/ai_female_nanami/gyu/001.wav,gyu,
dataset/ai_female_nanami/gyu/002.wav,gyu,
dataset/ai_female_nanami/ha/001.wav,ha,
dataset/ai_female_nanami/ha/002.wav,ha,
dataset/ai_female_nanami/he/001.wav,he,
dataset/ai_female_nanami/he/002.wav,he,
dataset/ai_female_nanami/hi/001.wav,hi,
dataset/ai_female_nanami/hi/002.wav,hi,
dataset/ai_female_nanami/ho/001.wav,ho,
dataset/ai_female_nanami/ho/002.wav,ho,
dataset/ai_female_nanami/hya/001.wav,hya,
dataset/ai_female_nanami/hya/002.wav,hya,
dataset/ai_female_nanami/hyo/001.wav,hyo,
dataset/ai_female_nanami/hyo/002.wav,hyo,
dataset/ai_female_nanami/hyu/001.wav,hyu,
dataset/ai_female_nanami/hyu/002.wav,hyu,
dataset/ai_female_nanami/i/001.wav,i,
dataset/ai_female_nanami/i/002.wav,i,
dataset/ai_female_nanami/ja/001.wav,ja,
dataset/ai_female_nanami/ja/002.wav,ja,
dataset/ai_female_nanami/ji/001.wav,ji,
dataset/ai_female_nanami/ji/002.wav,ji,
dataset/ai_female_nanami/jo/001.wav,jo,
dataset/ai_female_nanami/jo/002.wav,jo,
dataset/ai_female_nanami/ju/001.wav,ju,
dataset/ai_female_nanami/ju/002.wav,ju,
dataset/ai_female_nanami/ka/001.wav,ka,
dataset/ai_female_nanami/ka/002.wav,ka,
dataset/ai_female_nanami/ke/001.wav,ke,
dataset/ai_female_nanami/ke/002.wav,ke,
dataset/ai_female_nanami/ki/001.wav,ki,
dataset/ai_female_nanami/ki/002.wav,ki,
dataset/ai_female_nanami/ko/001.wav,ko,
dataset/ai_female_nanami/ko/002.wav,ko,
dataset/ai_female_nanami/ku/001.wav,ku,
dataset/ai_female_nanami/ku/002.wav,ku,
dataset/ai_female_nanami/kya/001.wav,kya,
dataset/ai_female_nanami/kya/002.wav,kya,
dataset/ai_female_nanami/kyo/001.wav,kyo,
dataset/ai_female_nanami/kyo/002.wav,kyo,
dataset/ai_female_nanami/kyu/001.wav,kyu,
dataset/ai_female_nanami/kyu/002.wav,kyu,
dataset/ai_female_nanami/ma/001.wav,ma,
dataset/ai_female_nanami/ma/002.wav,ma,
dataset/ai_female_nanami/me/001.wav,me,
dataset/ai_female_nanami/me/002.wav,me,
dataset/ai_female_nanami/mi/001.wav,mi,
dataset/ai_female_nanami/mi/002.wav,mi,
dataset/ai_female_nanami/mo/001.wav,mo,
dataset/ai_female_nanami/mo/002.wav,mo,
dataset/ai_female_nanami/mu/001.wav,mu,
dataset/ai_female_nanami/mu/002.wav,mu,
dataset/ai_female_nanami/mya/001.wav,mya,
dataset/ai_female_nanami/mya/002.wav,mya,
dataset/ai_female_nanami/myo/001.wav,myo,
dataset/ai_female_nanami/myo/002.wav,myo,
dataset/ai_female_nanami/myu/001.wav,myu,
dataset/ai_female_nanami/myu/002.wav,myu,
dataset/ai_female_nanami/n/001.wav,n,
dataset/ai_female_nanami/n/002.wav,n,
dataset/ai_female_nanami/na/001.wav,na,
dataset/ai_female_nanami/na/002.wav,na,
dataset/ai_female_nanami/ne/001.wav,ne,
dataset/ai_female_nanami/ne/002.wav,ne,
dataset/ai_female_nanami/ni/001.wav,ni,
dataset/ai_female_nanami/ni/002.wav,ni,
dataset/ai_female_nanami/no/001.wav,no,
dataset/ai_female_nanami/no/002.wav,no,
dataset/ai_female_nanami/nu/001.wav,nu,
dataset/ai_female_nanami/nu/002.wav,nu,
dataset/ai_female_nanami/nya/001.wav,nya,
dataset/ai_female_nanami/nya/002.wav,nya,
dataset/ai_female_nanami/nyo/001.wav,nyo,
dataset/ai_female_nanami/nyo/002.wav,nyo,
dataset/ai_female_nanami/nyu/001.wav,nyu,
dataset/ai_female_nanami/nyu/002.wav,nyu,
dataset/ai_female_nanami/o/001.wav,o,
dataset/ai_female_nanami/o/002.wav,o,
dataset/ai_female_nanami/pa/001.wav,pa,
dataset/ai_female_nanami/pa/002.wav,pa,
dataset/ai_female_nanami/pe/001.wav,pe,
dataset/ai_female_nanami/pe/002.wav,pe,
dataset/ai_female_nanami/pi/001.wav,pi,
dataset/ai_female_nanami/pi/002.wav,pi,
dataset/ai_female_nanami/po/001.wav,po,
dataset/ai_female_nanami/po/002.wav,po,
dataset/ai_female_nanami/pu/001.wav,pu,
dataset/ai_female_nanami/pu/002.wav,pu,
dataset/ai_female_nanami/pya/001.wav,pya,
dataset/ai_female_nanami/pya/002.wav,pya,
dataset/ai_female_nanami/pyo/001.wav,pyo,
dataset/ai_female_nanami/pyo/002.wav,pyo,
dataset/ai_female_nanami/pyu/001.wav,pyu,
dataset/ai_female_nanami/pyu/002.wav,pyu,
dataset/ai_female_nanami/ra/001.wav,ra,
dataset/ai_female_nanami/ra/002.wav,ra,
dataset/ai_female_nanami/re/001.wav,re,
dataset/ai_female_nanami/re/002.wav,re,
dataset/ai_female_nanami/ri/001.wav,ri,
dataset/ai_female_nanami/ri/002.wav,ri,
dataset/ai_female_nanami/ro/001.wav,ro,
dataset/ai_female_nanami/ro/002.wav,ro,
dataset/ai_female_nanami/ru/001.wav,ru,
dataset/ai_female_nanami/ru/002.wav,ru,
dataset/ai_female_nanami/rya/001.wav,rya,
dataset/ai_female_nanami/rya/002.wav,rya,
dataset/ai_female_nanami/ryo/001.wav,ryo,
dataset/ai_female_nanami/ryo/002.wav,ryo,
dataset/ai_female_nanami/ryu/001.wav,ryu,
dataset/ai_female_nanami/ryu/002.wav,ryu,
dataset/ai_female_nanami/sa/001.wav,sa,
dataset/ai_female_nanami/sa/002.wav,sa,
dataset/ai_female_nanami/se/001.wav,se,
dataset/ai_female_nanami/se/002.wav,se,
dataset/ai_female_nanami/sha/001.wav,sha,
dataset/ai_female_nanami/sha/002.wav,sha,
dataset/ai_female_nanami/shi/001.wav,shi,
dataset/ai_female_nanami/shi/002.wav,shi,
dataset/ai_female_nanami/sho/001.wav,sho,
dataset/ai_female_nanami/sho/002.wav,sho,
dataset/ai_female_nanami/shu/001.wav,shu,
dataset/ai_female_nanami/shu/002.wav,shu,
dataset/ai_female_nanami/so/001.wav,so,
dataset/ai_female_nanami/so/002.wav,so,
dataset/ai_female_nanami/su/001.wav,su,
dataset/ai_female_nanami/su/002.wav,su,
dataset/ai_female_nanami/ta/001.wav,ta,
dataset/ai_female_nanami/ta/002.wav,ta,
dataset/ai_female_nanami/te/001.wav,te,
dataset/ai_female_nanami/te/002.wav,te,
dataset/ai_female_nanami/to/001.wav,to,
dataset/ai_female_nanami/to/002.wav,to,
dataset/ai_female_nanami/tsu/001.wav,tsu,
dataset/ai_female_nanami/tsu/002.wav,tsu,
dataset/ai_female_nanami/u/001.wav,u,
dataset/ai_female_nanami/u/002.wav,u,
dataset/ai_female_nanami/wa/001.wav,wa,
dataset/ai_female_nanami/wa/002.wav,wa,
dataset/ai_female_nanami/wo/001.wav,wo,
dataset/ai_female_nanami/wo/002.wav,wo,
dataset/ai_female_nanami/ya/001.wav,ya,
dataset/ai_female_nanami/ya/002.wav,ya,
dataset/ai_female_nanami/yo/001.wav,yo,
dataset/ai_female_nanami/yo/002.wav,yo,
dataset/ai_female_nanami/yu/001.wav,yu,
dataset/ai_female_nanami/yu/002.wav,yu,
dataset/ai_female_nanami/za/001.wav,za,
dataset/ai_female_nanami/za/002.wav,za,
dataset/ai_female_nanami/ze/001.wav,ze,
dataset/ai_female_nanami/ze/002.wav,ze,
dataset/ai_female_nanami/zo/001.wav,zo,
dataset/ai_female_nanami/zo/002.wav,zo,
dataset/ai_female_nanami/zu/001.wav,zu,
dataset/ai_female_nanami/zu/002.wav,zu,
