1790915553_789636,1790915553_789636.wav,a,a
1790915557_432505,1790915557_432505.wav,i,i
1790915562_392702,1790915562_392702.wav,other,other
1790915566_380805,1790915566_380805.wav,other,other
1790915574_210365,1790915574_210365.wav,other,other
1790915578_803051,1790915578_803051.wav,other,other
1790915581_769409,1790915581_769409.wav,other,other
1790915768_299977,1790915768_299977.wav,other,other
1790915787_49719,1790915787_49719.wav,ku,ku
1790915804_897383,1790915804_897383.wav,other,other
1790915817_875174,1790915817_875174.wav,chi,shi
1790915826_264389,1790915826_264389.wav,chi,shi
1790915831_95306,1790915831_95306.wav,pu,other
1790915840_650895,1790915840_650895.wav,other,other
1790915869_52949,1790915869_52949.wav,myo,nyo
1790915974_354786,1790915974_354786.wav,tsu,su
1790915988_25824,1790915988_25824.wav,sho,sho
1790916002_579306,1790916002_579306.wav,na,ma
1790916009_183131,1790916009_183131.wav,ma,ma
1790916018_236265,1790916018_236265.wav,nya,other
