group,speaker_id,path,label,sha256
1,rinry,dataset/rinry/be/031.wav,be,ace733be3c801ed4123f3a5d2ce57f6faddb7bfcda119a79a3850567847edf3b
1,rinry,dataset/rinry/re/036.wav,re,ace733be3c801ed4123f3a5d2ce57f6faddb7bfcda119a79a3850567847edf3b
2,rinry,dataset/rinry/bi/036.wav,bi,5d1a54a7be6640269f7415280e9305e6e99f2238ddd4b9c5577b1916b4702531
2,rinry,dataset/rinry/pi/034.wav,pi,5d1a54a7be6640269f7415280e9305e6e99f2238ddd4b9c5577b1916b4702531
3,rinry,dataset/rinry/byu/035.wav,byu,d8c47fff9cd582d3ff5282c1b027c27f18549736e4190de8ac2d194a3b94ebd8
3,rinry,dataset/rinry/yu/036.wav,yu,d8c47fff9cd582d3ff5282c1b027c27f18549736e4190de8ac2d194a3b94ebd8
4,rinry,dataset/rinry/e/036.wav,e,31d51de5793ec01534bf08dc1a204d84278649e3ae1b6bb6027a137272f70502
4,rinry,dataset/rinry/re/034.wav,re,31d51de5793ec01534bf08dc1a204d84278649e3ae1b6bb6027a137272f70502
5,rinry,dataset/rinry/gi/033.wav,gi,b016355130d75a89574128415fd1d065137e5a5fdfef3d4759aa8771fdc281d3
5,rinry,dataset/rinry/i/036.wav,i,b016355130d75a89574128415fd1d065137e5a5fdfef3d4759aa8771fdc281d3
6,rinry,dataset/rinry/gya/033.wav,gya,83f806b095f55462b40265deb7e44322fd07bc1bed9ea5ae8472e134b20e983a
6,rinry,dataset/rinry/gyo/036.wav,gyo,83f806b095f55462b40265deb7e44322fd07bc1bed9ea5ae8472e134b20e983a
7,rinry,dataset/rinry/hi/032.wav,hi,245af2412824cf6aec39e45de3d8d3827a9005523fff01cf7c7bcd7353fb286a
7,rinry,dataset/rinry/pi/036.wav,pi,245af2412824cf6aec39e45de3d8d3827a9005523fff01cf7c7bcd7353fb286a
8,rinry,dataset/rinry/i/031.wav,i,ab1e7fe9e4ca557b00430ab47491fa321a7df7a3d14f028860755f4ff4f6ab41
8,rinry,dataset/rinry/other/035.wav,other,ab1e7fe9e4ca557b00430ab47491fa321a7df7a3d14f028860755f4ff4f6ab41
9,rinry,dataset/rinry/me/034.wav,me,62b0f0f7c4cae436d6595379862864fe6b1831b3c44fb9f9f7672b1c98deccd8
9,rinry,dataset/rinry/ne/036.wav,ne,62b0f0f7c4cae436d6595379862864fe6b1831b3c44fb9f9f7672b1c98deccd8
10,rinry,dataset/rinry/o/031.wav,o,885989b06853cf4b777c777d819d52513bf4c10131ed2bb2c3189f1dc0665093
10,rinry,dataset/rinry/other/031.wav,other,885989b06853cf4b777c777d819d52513bf4c10131ed2bb2c3189f1dc0665093
11,rinry,dataset/rinry/o/034.wav,o,3ce147cec223a435f7765d50f0e75363fd87863d0e05e2f1c1fa51af765404af
11,rinry,dataset/rinry/other/034.wav,other,3ce147cec223a435f7765d50f0e75363fd87863d0e05e2f1c1fa51af765404af
12,rinry,dataset/rinry/other/033.wav,other,36c05ea98c6bef4d9c0f354df84e1062fe473ed161ad40b2419dabe1dcc87c20
12,rinry,dataset/rinry/za/033.wav,za,36c05ea98c6bef4d9c0f354df84e1062fe473ed161ad40b2419dabe1dcc87c20
13,rinry,dataset/rinry/pe/031.wav,pe,2c0ac538f52226484a90f36c8fe1b5e56c2b5c9831e4d13afa31624736bfc13a
13,rinry,dataset/rinry/te/036.wav,te,2c0ac538f52226484a90f36c8fe1b5e56c2b5c9831e4d13afa31624736bfc13a
14,take,dataset/take/bu/005.wav,bu,44dd1da2e49d49bb0451440da575ace6cce960d8757a0017a901560211d96b39
14,take,dataset/take/other/005.wav,other,44dd1da2e49d49bb0451440da575ace6cce960d8757a0017a901560211d96b39
15,take,dataset/take/chi/003.wav,chi,a7c75ea31e0b6f4df564f1d86c2901fdcf10dae84e01a3b9e86142c0614a5b35
15,take,dataset/take/other/003.wav,other,a7c75ea31e0b6f4df564f1d86c2901fdcf10dae84e01a3b9e86142c0614a5b35
16,take,dataset/take/de/001.wav,de,79675d604f4dc0dedf77247b45e08035496f3d2b98a056bd0a5e354388419399
16,take,dataset/take/ze/008.wav,ze,79675d604f4dc0dedf77247b45e08035496f3d2b98a056bd0a5e354388419399
17,take,dataset/take/de/002.wav,de,b324cf8ba8518d8c545d67fd5ab4489813dafbecc330cc7a1d8f02a64ffde40f
17,take,dataset/take/ze/006.wav,ze,b324cf8ba8518d8c545d67fd5ab4489813dafbecc330cc7a1d8f02a64ffde40f
18,take,dataset/take/de/003.wav,de,b5f1647f633bdf5078826d0603edb42b68e5083d0c072990ba2dc13144e34dd7
18,take,dataset/take/ze/007.wav,ze,b5f1647f633bdf5078826d0603edb42b68e5083d0c072990ba2dc13144e34dd7
19,take,dataset/take/de/004.wav,de,bc3ecebb5f9cb6fb349f05d8c607e9f50ea6f7860d7907ce450b23333d06c31e
19,take,dataset/take/ze/010.wav,ze,bc3ecebb5f9cb6fb349f05d8c607e9f50ea6f7860d7907ce450b23333d06c31e
20,take,dataset/take/de/005.wav,de,99a7629f34c62ed7932cd6e4dfabd7d1ab88058bf41456e54845a0a1cd9f46b7
20,take,dataset/take/ze/009.wav,ze,99a7629f34c62ed7932cd6e4dfabd7d1ab88058bf41456e54845a0a1cd9f46b7
21,take,dataset/take/ge/001.wav,ge,e09096317ce7c2edac04d99b68c6bed92a9c49b93ef3237c667a342a9607ccba
21,take,dataset/take/ke/006.wav,ke,e09096317ce7c2edac04d99b68c6bed92a9c49b93ef3237c667a342a9607ccba
22,take,dataset/take/go/001.wav,go,4dc837ec4779883d38829331af72fbe448c7d8754cbf485b247b95cee7b3a855
22,take,dataset/take/wo/006.wav,wo,4dc837ec4779883d38829331af72fbe448c7d8754cbf485b247b95cee7b3a855
23,take,dataset/take/go/002.wav,go,a08aab9a26c84e73953f1d2d1959627a894839d192f6ed5d30646468c37b74df
23,take,dataset/take/wo/007.wav,wo,a08aab9a26c84e73953f1d2d1959627a894839d192f6ed5d30646468c37b74df
24,take,dataset/take/i/003.wav,i,a0c6e754afe0e04854c5c5ac697ccfc6cf5875162c5717b43756696cf3b952da
24,take,dataset/take/other/006.wav,other,a0c6e754afe0e04854c5c5ac697ccfc6cf5875162c5717b43756696cf3b952da
25,take,dataset/take/i/005.wav,i,10a0a09046a14a7e74154210b879bba5ab8c8ab291a724e66fc7b9ad69d04cef
25,take,dataset/take/other/007.wav,other,10a0a09046a14a7e74154210b879bba5ab8c8ab291a724e66fc7b9ad69d04cef
26,take,dataset/take/o/003.wav,o,17909ce25e4a4d201fc56670a959a0218800ba5b638419dc3515ecc2aeb947e9
26,take,dataset/take/other/008.wav,other,17909ce25e4a4d201fc56670a959a0218800ba5b638419dc3515ecc2aeb947e9
27,take,dataset/take/other/001.wav,other,e1b1f66194b922501ee24c815c151baf3c94e8c8b8ec8fdbe58515b1414152e2
27,take,dataset/take/ri/001.wav,ri,e1b1f66194b922501ee24c815c151baf3c94e8c8b8ec8fdbe58515b1414152e2
28,take,dataset/take/other/004.wav,other,8cf593ba1f1ce058191ec8cc9c1a3fa2a0424c3b516c0f736badf84b050c345d
28,take,dataset/take/yo/004.wav,yo,8cf593ba1f1ce058191ec8cc9c1a3fa2a0424c3b516c0f736badf84b050c345d
29,take,dataset/take/other/009.wav,other,7e09fd42b03f8eadbc78528b29a03b0710a0960576910fa01f2aa8fe0729467f
29,take,dataset/take/za/005.wav,za,7e09fd42b03f8eadbc78528b29a03b0710a0960576910fa01f2aa8fe0729467f
30,take,dataset/take/other/010.wav,other,9c9a4aad6a7658c4aa9c05c89a9e02fbcaf4a8a3d41afdf13cb8cab3786696fe
30,take,dataset/take/shi/003.wav,shi,9c9a4aad6a7658c4aa9c05c89a9e02fbcaf4a8a3d41afdf13cb8cab3786696fe
31,take,dataset/take/ra/006.wav,ra,d30063afdebd2856e5d83164d4346df146946e56af5b1422f646fc440a4e3fb9
31,take,dataset/take/za/002.wav,za,d30063afdebd2856e5d83164d4346df146946e56af5b1422f646fc440a4e3fb9
32,take,dataset/take/su/001.wav,su,0fd2f7f7c2d3b506b195c88eb8495c440b17f9eea8c47b308db8191466e601bb
32,take,dataset/take/tsu/007.wav,tsu,0fd2f7f7c2d3b506b195c88eb8495c440b17f9eea8c47b308db8191466e601bb
33,take,dataset/take/su/004.wav,su,ed7a92f838420e2fe3dc7af85c2f97e5fe4987b2b6b4e7caeeaabaa4a2421a66
33,take,dataset/take/tsu/006.wav,tsu,ed7a92f838420e2fe3dc7af85c2f97e5fe4987b2b6b4e7caeeaabaa4a2421a66
34,take,dataset/take/su/005.wav,su,9037c5ef205075fbc78459c35aa2635ffe29815de7c94cd0803eb52ca283d597
34,take,dataset/take/tsu/008.wav,tsu,9037c5ef205075fbc78459c35aa2635ffe29815de7c94cd0803eb52ca283d597
