speaker_id,files,labels,missing_labels,min_per_present_label,max_per_label,median_duration_seconds,sample_rates,invalid_wav,zero_signal,low_level_below_minus_45_dbfs,clipping_over_1_percent,changed_files
ai_female_nanami,312,104,other,3,3,0.5,16000,0,0,0,0,0
haruyamike,990,104,other,3,10,0.55,16000,0,0,0,0,0
mikeryu,49,5,"ba,be,bi,bo,bu,bya,byo,byu,cha,chi,cho,chu,da,de,di,do,du,fu,ga,ge,gi,go,gu,gya,gyo,gyu,ha,he,hi,ho,hya,hyo,hyu,ja,ji,jo,ju,ka,ke,ki,ko,ku,kya,kyo,kyu,ma,me,mi,mo,mu,mya,myo,myu,n,na,ne,ni,no,nu,nya,nyo,nyu,other,pa,pe,pi,po,pu,pya,pyo,pyu,ra,re,ri,ro,ru,rya,ryo,ryu,sa,se,sha,shi,sho,shu,so,su,ta,te,to,tsu,wa,wo,ya,yo,yu,za,ze,zo,zu",9,10,1.0,16000,0,0,0,0,0
pc_0c3b2b1f,56,14,"ba,be,bi,bo,bu,bya,byo,byu,cha,chi,cho,chu,da,de,di,do,du,e,fu,ga,ge,gi,go,gu,gya,gyo,gyu,he,hi,ho,hya,hyo,hyu,ja,ji,jo,ju,ka,ke,ko,kya,kyo,kyu,me,mi,mo,mu,mya,myo,myu,n,ne,ni,no,nu,nya,nyu,o,pa,pe,pi,po,pu,pya,pyo,pyu,ra,re,ri,ro,ru,rya,ryo,ryu,sa,sha,shu,so,ta,te,to,tsu,wa,wo,ya,yo,yu,za,ze,zo,zu",1,20,1.0,16000,0,0,0,0,0
pc_2c13a316,4,1,"ba,be,bi,bo,bu,bya,byo,byu,cha,chi,cho,chu,da,de,di,do,du,e,fu,ga,ge,gi,go,gu,gya,gyo,gyu,ha,he,hi,ho,hya,hyo,hyu,i,ja,ji,jo,ju,ka,ke,ki,ko,ku,kya,kyo,kyu,ma,me,mi,mo,mu,mya,myo,myu,n,na,ne,ni,no,nu,nya,nyo,nyu,o,other,pa,pe,pi,po,pu,pya,pyo,pyu,ra,re,ri,ro,ru,rya,ryo,ryu,sa,se,sha,shi,sho,shu,so,su,ta,te,to,tsu,u,wa,wo,ya,yo,yu,za,ze,zo,zu",4,4,1.0,16000,0,0,0,0,0
pc_699ec508,278,83,"be,bu,bya,byo,da,do,du,ga,ge,gi,go,gyo,ja,ji,jo,ju,pya,pyu,za,ze,zo,zu",1,35,1.0,16000,0,0,8,0,0
pc_b34a3877,15,13,"a,ba,be,bi,bo,bu,bya,byo,byu,cha,chi,chu,da,de,di,do,du,e,fu,ga,ge,gi,go,gu,gya,gyo,gyu,he,hi,ho,hya,hyo,hyu,i,ja,ji,jo,ju,ka,ke,ki,ko,ku,kyo,kyu,me,mi,mo,mu,mya,myo,myu,n,na,ni,no,nu,nya,nyo,nyu,o,pe,pi,po,pu,pya,pyo,pyu,re,ri,ru,ryu,sa,se,sha,shi,sho,shu,so,su,te,tsu,u,wa,wo,ya,yo,yu,za,ze,zo,zu",1,3,1.0,16000,0,0,0,0,0
pc_e1f2c4f8,31,19,"be,bi,bo,bu,bya,byo,byu,chi,cho,chu,da,de,di,do,du,fu,ga,ge,gi,go,gu,gya,gyo,gyu,ha,he,hi,ho,hya,hyo,hyu,i,ja,ji,jo,ju,ke,ki,ko,ku,kya,kyo,kyu,ma,mi,mo,mu,mya,myo,myu,n,ni,no,nya,nyo,nyu,o,pe,pi,po,pu,pya,pyo,pyu,re,ri,ru,rya,ryo,ryu,se,sha,shi,sho,shu,so,ta,tsu,wa,ya,yo,yu,za,ze,zo,zu",1,3,1.0,16000,0,0,0,0,0
r1,208,104,other,2,2,0.6,16000,0,0,0,0,208
r10,312,104,other,3,3,0.45,16000,0,0,0,0,312
r2,208,104,other,2,2,0.6,16000,0,0,0,0,208
r3,208,104,other,2,2,0.55,16000,0,0,0,0,208
r4,208,104,other,2,2,0.55,16000,0,0,0,0,208
r5,208,104,other,2,2,0.5,16000,0,0,0,0,208
r6,208,104,other,2,2,0.55,16000,0,0,0,0,208
r7,208,104,other,2,2,0.55,16000,0,0,0,0,208
r8,307,103,"do,other",1,3,0.55,16000,0,0,0,0,307
r9,309,103,"other,pa",3,3,0.55,16000,0,0,0,0,309
reon,49,5,"ba,be,bi,bo,bu,bya,byo,byu,cha,chi,cho,chu,da,de,di,do,du,fu,ga,ge,gi,go,gu,gya,gyo,gyu,ha,he,hi,ho,hya,hyo,hyu,ja,ji,jo,ju,ka,ke,ki,ko,ku,kya,kyo,kyu,ma,me,mi,mo,mu,mya,myo,myu,n,na,ne,ni,no,nu,nya,nyo,nyu,other,pa,pe,pi,po,pu,pya,pyo,pyu,ra,re,ri,ro,ru,rya,ryo,ryu,sa,se,sha,shi,sho,shu,so,su,ta,te,to,tsu,wa,wo,ya,yo,yu,za,ze,zo,zu",9,10,1.0,16000,0,0,0,0,0
rikuto,50,5,"ba,be,bi,bo,bu,bya,byo,byu,cha,chi,cho,chu,da,de,di,do,du,fu,ga,ge,gi,go,gu,gya,gyo,gyu,ha,he,hi,ho,hya,hyo,hyu,ja,ji,jo,ju,ka,ke,ki,ko,ku,kya,kyo,kyu,ma,me,mi,mo,mu,mya,myo,myu,n,na,ne,ni,no,nu,nya,nyo,nyu,other,pa,pe,pi,po,pu,pya,pyo,pyu,ra,re,ri,ro,ru,rya,ryo,ryu,sa,se,sha,shi,sho,shu,so,su,ta,te,to,tsu,wa,wo,ya,yo,yu,za,ze,zo,zu",10,10,1.0,16000,0,0,5,0,0
rikutomike,1022,104,other,7,10,0.55,16000,0,0,0,0,0
rinry,3642,105,,4,36,0.55,16000,0,0,0,0,0
ryu,49,5,"ba,be,bi,bo,bu,bya,byo,byu,cha,chi,cho,chu,da,de,di,do,du,fu,ga,ge,gi,go,gu,gya,gyo,gyu,ha,he,hi,ho,hya,hyo,hyu,ja,ji,jo,ju,ka,ke,ki,ko,ku,kya,kyo,kyu,ma,me,mi,mo,mu,mya,myo,myu,n,na,ne,ni,no,nu,nya,nyo,nyu,other,pa,pe,pi,po,pu,pya,pyo,pyu,ra,re,ri,ro,ru,rya,ryo,ryu,sa,se,sha,shi,sho,shu,so,su,ta,te,to,tsu,wa,wo,ya,yo,yu,za,ze,zo,zu",9,10,1.0,16000,0,0,0,0,0
take,541,105,,5,10,0.5,16000,0,0,0,0,0
yu-ota,51,5,"ba,be,bi,bo,bu,bya,byo,byu,cha,chi,cho,chu,da,de,di,do,du,fu,ga,ge,gi,go,gu,gya,gyo,gyu,ha,he,hi,ho,hya,hyo,hyu,ja,ji,jo,ju,ka,ke,ki,ko,ku,kya,kyo,kyu,ma,me,mi,mo,mu,mya,myo,myu,n,na,ne,ni,no,nu,nya,nyo,nyu,other,pa,pe,pi,po,pu,pya,pyo,pyu,ra,re,ri,ro,ru,rya,ryo,ryu,sa,se,sha,shi,sho,shu,so,su,ta,te,to,tsu,wa,wo,ya,yo,yu,za,ze,zo,zu",10,11,1.0,16000,0,0,22,0,0
yumike,1009,103,"ha,other",8,14,0.5,16000,0,0,0,0,0
